id,title,authors,categories,image_filename,genre
0,The Self-Help Compulsion,Beth Blum,Literary Criticism,self_help/0000.jpg,self_help
1,Pocket Full of Do,Chris Do,,self_help/0001.jpg,self_help
2,The No-Self Help Book,Kate Gustin,Self-Help,self_help/0002.jpg,self_help
3,"Self-help; with Illustrations of Character, Conduct, and Perseverance",Samuel Smiles,,self_help/0003.jpg,self_help
4,This is How,Augusten Burroughs,Self-Help,self_help/0004.jpg,self_help
5,"Self Help, Inc.",Micki McGee,Social Science,self_help/0005.jpg,self_help
6,How to Win Friends and Influence People,,Business & Economics,self_help/0006.jpg,self_help
7,Amongst Ourselves,"Tracy Alderman, Karen Marshall",Family & Relationships,self_help/0007.jpg,self_help
8,How to Be Fine,"Jolenta Greenberg, Kristen Meinzer",Self-Help,self_help/0008.jpg,self_help
9,The Self Help Addict,Daniel Gefen,Self-Help,self_help/0009.jpg,self_help
10,Unposted Letter (English),Mahatria Ra,Self-Help,self_help/0010.jpg,self_help
11,The Art of Choosing,Sheena Iyengar,Business & Economics,self_help/0011.jpg,self_help
12,Empowerment of Rural Women Through Self Help Groups,B. Suguna,Rural women,self_help/0012.jpg,self_help
13,No More Bananas,Jeroen Kraaijenbrink,Self-Help,self_help/0013.jpg,self_help
14,Self-Compassion,Dr. Kristin Neff,Self-Help,self_help/0014.jpg,self_help
15,The Self-Help Myth,Erica Kohl-Arenas,Social Science,self_help/0015.jpg,self_help
16,Self-Improvement,Mark Coeckelbergh,Philosophy,self_help/0016.jpg,self_help
17,Self-Help Books,Sandra K. Dolby,Social Science,self_help/0017.jpg,self_help
18,Wings of Fire,"Avul Pakir Jainulabdeen Abdul Kalam, Arun Tiwari",Biography & Autobiography,self_help/0018.jpg,self_help
19,A Self-Help Guide for Copywriters,Dan B Nelken,Advertising copy,self_help/0019.jpg,self_help
20,Breaking Negative Thinking Patterns,"Gitta Jacob, Hannie van Genderen, Laura Seebauer",Psychology,self_help/0020.jpg,self_help
21,The Self Help Book,Jared Graybeal,,self_help/0021.jpg,self_help
22,Real Help,Ayodeji Awosika,,self_help/0022.jpg,self_help
23,New York to New You,Manoj Gupta,Fiction,self_help/0023.jpg,self_help
24,Find Your Passion,Henri Junttila,"Learning, Psychology of",self_help/0024.jpg,self_help
25,Win Your Inner Battles,Darius Foroux,Control (Psychology),self_help/0025.jpg,self_help
26,Think Straight,Darius Foroux,,self_help/0026.jpg,self_help
27,The End of Self-Help,,,self_help/0027.jpg,self_help
28,Self-Help,Lorrie Moore,Fiction,self_help/0028.jpg,self_help
29,How to Be Happy,"Iain S. Thomas, Pleasefindthis",Poetry,self_help/0029.jpg,self_help
30,Writing Successful Self-Help and How-To Books,Jean Marie Stine,Language Arts & Disciplines,self_help/0030.jpg,self_help
31,Price-support Program,United States. Congress. Senate. Committee on Agriculture and Forestry,Agricultural price supports,self_help/0031.jpg,self_help
32,Publication,,Income tax,self_help/0032.jpg,self_help
33,Manual for Working with Parents of Adolescent Drug Users,,Parents,self_help/0033.jpg,self_help
34,Introduction to Clinical Psychology,"Geoffrey P. Kramer, Douglas A. Bernstein, Vicky Phares",Psychology,self_help/0034.jpg,self_help
35,"More Than Fluency: the Social, Emotional, and Cognitive Dimensions of Stuttering","Barbara J. Amster, Evelyn R. Klein",Medical,self_help/0035.jpg,self_help
36,Living the Creative Life,Rice Freeman-Zachery,Art,self_help/0036.jpg,self_help
37,"Happiness, a Mystery",Sophie Hannah,Psychology,self_help/0037.jpg,self_help
38,What It Takes To Be Free,Darius Foroux,Philosophy,self_help/0038.jpg,self_help
39,How to Be Happy,"Iain S. Thomas, Pleasefindthis",Poetry,self_help/0039.jpg,self_help
40,From Stress to Success ... in Just 31 Days! (EasyRead Large Bold Edition),John F. Demartini,Self-actualization (Psychology),self_help/0040.jpg,self_help
41,Adult Children of Emotionally Immature Parents,Lindsay C. Gibson,Self-Help,self_help/0041.jpg,self_help
42,Writing Successful Self-Help and How-To Books,Jean Marie Stine,Language Arts & Disciplines,self_help/0042.jpg,self_help
43,Attached,"Amir Levine, Rachel Heller",Family & Relationships,self_help/0043.jpg,self_help
44,Never Split the Difference,"Chris Voss, Tahl Raz",Business & Economics,self_help/0044.jpg,self_help
45,Self Help,Edward Docx,Fiction,self_help/0045.jpg,self_help
46,The Ten Step Guide to Acing Every Exam You Ever Take,Lucy Parsons,,self_help/0046.jpg,self_help
47,The Midnight Library: A GMA Book Club Pick,Matt Haig,Fiction,self_help/0047.jpg,self_help
48,Daily Reflections,"A a, Aa World Services Inc",Self-Help,self_help/0048.jpg,self_help
49,Self Help Books,Vic Johnson,,self_help/0049.jpg,self_help
50,Help Me!,Marianne Power,Self-Help,self_help/0050.jpg,self_help
51,Diagnostic and Statistical Manual of Mental Disorders (DSM-5),American Psychiatric Association,,self_help/0051.jpg,self_help
52,The Shame Factor,Stephan B. Poulter,Psychology,self_help/0052.jpg,self_help
53,LOVE The Beat Goes On,Lynda Filler,,self_help/0053.jpg,self_help
54,Ultralearning,Scott H. Young,Business & Economics,self_help/0054.jpg,self_help
55,This Is Water,Kenyon College,Conduct of life,self_help/0055.jpg,self_help
56,Writing Successful Self-Help and How-To Books,Jean Marie Stine,Language Arts & Disciplines,self_help/0056.jpg,self_help
57,The Mountain Is You,Brianna Wiest,SELF-HELP,self_help/0057.jpg,self_help
58,Attitude Is Everything,Jeff Keller,Attitude (Psychology),self_help/0058.jpg,self_help
59,The Alchemist [30th Anniversary Edition],Paulo Coelho,,self_help/0059.jpg,self_help
60,Price-support Program,United States. Congress. Senate. Committee on Agriculture and Forestry,Agricultural price supports,self_help/0060.jpg,self_help
61,Publication,,Income tax,self_help/0061.jpg,self_help
62,Manual for Working with Parents of Adolescent Drug Users,,Parents,self_help/0062.jpg,self_help
63,Introduction to Clinical Psychology,"Geoffrey P. Kramer, Douglas A. Bernstein, Vicky Phares",Psychology,self_help/0063.jpg,self_help
64,"More Than Fluency: the Social, Emotional, and Cognitive Dimensions of Stuttering","Barbara J. Amster, Evelyn R. Klein",Medical,self_help/0064.jpg,self_help
65,Library of Congress Subject Headings,Library of Congress. Cataloging Policy and Support Office,"Subject headings, Library of Congress",self_help/0065.jpg,self_help
66,Self-Care Solution,Purnima Banerjee,Self-Help,self_help/0066.jpg,self_help
67,Psychiatry: An evidence-based text,"Bassant Puri, Ian Treasaden",Medical,self_help/0067.jpg,self_help
68,Today’s Priorities in Mental Health,"S.H. Fine, R. Knell, T.Y. Lin",Medical,self_help/0068.jpg,self_help
69,Community Care in Hong Kong,"Kar-wai TONG, Kenneth Nai-kuen FONG",Social Science,self_help/0069.jpg,self_help
70,Mental Health Nursing E-Book,"Rob Newell, Kevin Gournay",Medical,self_help/0070.jpg,self_help
71,When We Were Animals,Joshua Gaylord,Fiction,fiction/0071.jpg,fiction
72,A Closed and Common Orbit,Becky Chambers,Fiction,fiction/0072.jpg,fiction
73,Oath of the Vayuputras,Amish Tripathi,Fiction,fiction/0073.jpg,fiction
74,White Tiger on Snow Mountain,David Gordon,Fiction,fiction/0074.jpg,fiction
75,Get to the Point!,Joel Schwartzberg,Business & Economics,fiction/0075.jpg,fiction
76,The Art of Fiction,David Lodge,Literary Criticism,fiction/0076.jpg,fiction
77,The Bird with Golden Wings,Sudha Murty,Juvenile Fiction,fiction/0077.jpg,fiction
78,The Course of True Love and First Dates,Cassandra Clare,Dating (Social customs),fiction/0078.jpg,fiction
79,Legal Fiction,Chandan Pandey,Fiction,fiction/0079.jpg,fiction
80,Dune,Frank Herbert,Fiction,fiction/0080.jpg,fiction
81,The Man from the Egg,Sudha Murty,Juvenile Fiction,fiction/0081.jpg,fiction
82,Ender's Game,Orson Scott Card,Fiction,fiction/0082.jpg,fiction
83,They,Kay Dick,Fiction,fiction/0083.jpg,fiction
84,Gallows Rock,Yrsa Sigurdardottir,Fiction,fiction/0084.jpg,fiction
85,Future Fiction: New Dimensions in International Science Fiction,Carlos Hernandez,Fiction,fiction/0085.jpg,fiction
86,The Midnight Library: A GMA Book Club Pick,Matt Haig,Fiction,fiction/0086.jpg,fiction
87,"Here, There and Everywhere",Murty Sudha,"Authors, Kannada",fiction/0087.jpg,fiction
88,At Home in Mitford,Jan Karon,Fiction,fiction/0088.jpg,fiction
89,The Pillars of the Earth,Ken Follett,Fiction,fiction/0089.jpg,fiction
90,The Learned Disguise,R. C. Waldun,,fiction/0090.jpg,fiction
91,Wine and War,"Donald Kladstrup, Petie Kladstrup",History,fiction/0091.jpg,fiction
92,Useful Fictions,Michael Austin,Literary Criticism,fiction/0092.jpg,fiction
93,"I, Coriander",Sally Gardner,Children's stories,fiction/0093.jpg,fiction
94,Science Fiction and Fantasy Literature,"R. Reginald, Douglas Menville, Mary A. Burgess",Reference,fiction/0094.jpg,fiction
95,A Drowned Maiden's Hair,Laura Amy Schlitz,Juvenile Fiction,fiction/0095.jpg,fiction
96,Women and Men,Joseph McElroy,Fiction,fiction/0096.jpg,fiction
97,Fictional Space in the Modernist and Post-modernist American Novel,Carl Darryl Malmgren,Fiction,fiction/0097.jpg,fiction
98,Fictional Points of View,Peter Lamarque,Literary Criticism,fiction/0098.jpg,fiction
99,Library of Congress Subject Headings,Library of Congress,"Subject headings, Library of Congress",fiction/0099.jpg,fiction
100,"Fictional Practice: Magic, Narration, and the Power of Imagination",,"Body, Mind & Spirit",fiction/0100.jpg,fiction
101,Library of Congress Subject Headings,Library of Congress. Cataloging Policy and Support Office,"Subject headings, Library of Congress",fiction/0101.jpg,fiction
102,Mestizos Come Home!,Robert Con Davis-Undiano,History,fiction/0102.jpg,fiction
103,Creating Identity in the Victorian Fictional Autobiography,Heidi L. Pennington,Literary Criticism,fiction/0103.jpg,fiction
104,Telling Lies in Modern American Autobiography,Timothy Dow Adams,Literary Criticism,fiction/0104.jpg,fiction
105,Teaching English 3-11,"Cathy Burnett, Julia Myers",Education,fiction/0105.jpg,fiction
106,Pearson's Magazine,,English fiction,fiction/0106.jpg,fiction
107,"Essential Skills - Reading and Writing, Grade 1","Teacher Created Resources, Inc",Activity programs in education,fiction/0107.jpg,fiction
108,Cross-Cultural Connections in Crime Fictions,"V. Miller, H. Oakley",Performing Arts,fiction/0108.jpg,fiction
109,Reload,"Mary Flanagan, Austin Booth",Social Science,fiction/0109.jpg,fiction
110,Truthful Fictions: Conversations with American Biographical Novelists,Michael Lackey,Literary Criticism,fiction/0110.jpg,fiction
111,Women and Men,Joseph McElroy,Fiction,fiction/0111.jpg,fiction
112,Fantasm and Fiction,Peter Schwenger,Literary Criticism,fiction/0112.jpg,fiction
113,The Man in the High Castle,Philip K. Dick,Fiction,fiction/0113.jpg,fiction
114,Fictional Space in the Modernist and Post-modernist American Novel,Carl Darryl Malmgren,Fiction,fiction/0114.jpg,fiction
115,Home Before Dark,Riley Sager,Fiction,fiction/0115.jpg,fiction
116,Fictional Points of View,Peter Lamarque,Literary Criticism,fiction/0116.jpg,fiction
117,A House Full Of Men,Parinda Joshi,Fiction,fiction/0117.jpg,fiction
118,One Arranged Murder,Chetan Bhagat,Fiction,fiction/0118.jpg,fiction
119,"Fictional Practice: Magic, Narration, and the Power of Imagination",,"Body, Mind & Spirit",fiction/0119.jpg,fiction
120,Library of Congress Subject Headings,Library of Congress,"Subject headings, Library of Congress",fiction/0120.jpg,fiction
121,Library of Congress Subject Headings,Library of Congress. Cataloging Policy and Support Office,"Subject headings, Library of Congress",fiction/0121.jpg,fiction
122,Project Hail Mary,Andy Weir,Fiction,fiction/0122.jpg,fiction
123,Mestizos Come Home!,Robert Con Davis-Undiano,History,fiction/0123.jpg,fiction
124,Creating Identity in the Victorian Fictional Autobiography,Heidi L. Pennington,Literary Criticism,fiction/0124.jpg,fiction
125,The Heart Beats in Secret,Katie Munnik,Fiction,fiction/0125.jpg,fiction
126,Telling Lies in Modern American Autobiography,Timothy Dow Adams,Literary Criticism,fiction/0126.jpg,fiction
127,Dark Matter,Blake Crouch,Fiction,fiction/0127.jpg,fiction
128,Paris Echo,Sebastian Faulks,Fiction,fiction/0128.jpg,fiction
129,Savarkar,Vikram Sampath,Biography & Autobiography,fiction/0129.jpg,fiction
130,Teaching English 3-11,"Cathy Burnett, Julia Myers",Education,fiction/0130.jpg,fiction
131,Pearson's Magazine,,English fiction,fiction/0131.jpg,fiction
132,"Essential Skills - Reading and Writing, Grade 1","Teacher Created Resources, Inc",Activity programs in education,fiction/0132.jpg,fiction
133,Truthful Fictions: Conversations with American Biographical Novelists,Michael Lackey,Literary Criticism,fiction/0133.jpg,fiction
134,Cross-Cultural Connections in Crime Fictions,"V. Miller, H. Oakley",Performing Arts,fiction/0134.jpg,fiction
135,Reload,"Mary Flanagan, Austin Booth",Social Science,fiction/0135.jpg,fiction
136,"Tourism Fictions, Simulacra and Virtualities","Maria Gravari-Barbas, Nelson Graburn, Jean-Francois Staszak",Business & Economics,fiction/0136.jpg,fiction
137,Presented Discourse in Popular Science,Olga Pilkington,Language Arts & Disciplines,fiction/0137.jpg,fiction
138,Asian American Film Festivals,Erin Franziska Högerle,Social Science,fiction/0138.jpg,fiction
139,The Penguin Classics Book,Henry Eliot,Design,fiction/0139.jpg,fiction
140,Holocaust Cinema Complete,Rich Brownstein,Performing Arts,fiction/0140.jpg,fiction
141,How to Write a Story,Simon Cheshire,Juvenile Nonfiction,fiction/0141.jpg,fiction
142,Aesthetics and the Sciences of Mind,"Greg Currie, Matthew Kieran, Aaron Meskin, Jon Robson",Philosophy,fiction/0142.jpg,fiction
143,It Came From the 1950s!,"Darryl Jones, Elizabeth McCarthy, Bernice M. Murphy",Social Science,fiction/0143.jpg,fiction
144,The Fictions of Translation,Judith Woodsworth,Language Arts & Disciplines,fiction/0144.jpg,fiction
145,Encyclopedia of the Novel,Paul Schellinger,Literary Criticism,fiction/0145.jpg,fiction
146,Pompeii,Robert Harris,Fiction,fiction/0146.jpg,fiction
147,Idealism,"Tyron Goldschmidt, Kenneth L. Pearce",Philosophy,fiction/0147.jpg,fiction
148,400 Days,Chetan Bhagat,Cold cases (Criminal investigation),fiction/0148.jpg,fiction
149,Today Is My Favourite Day,Siddharth Shirole,Health & Fitness,fiction/0149.jpg,fiction
150,Exploring Science Through Science Fiction,Barry B. Luokkala,Science,science_fiction/0150.jpg,science_fiction
151,Dark Matter,Blake Crouch,Fiction,science_fiction/0151.jpg,science_fiction
152,Science Fiction and Philosophy,Susan Schneider,Philosophy,science_fiction/0152.jpg,science_fiction
153,Consciousness and Science Fiction,Damien Broderick,Science,science_fiction/0153.jpg,science_fiction
154,Ender's Game,Orson Scott Card,Fiction,science_fiction/0154.jpg,science_fiction
155,The Mouse Machine,J P. Telotte,Performing Arts,science_fiction/0155.jpg,science_fiction
156,Girl in Landscape,Jonathan Lethem,Fiction,science_fiction/0156.jpg,science_fiction
157,The Gollancz Book of South Asian Science Fiction,Tarun Saint,Fiction,science_fiction/0157.jpg,science_fiction
158,Science Fiction and the Moral Imagination,Russell Blackford,Philosophy,science_fiction/0158.jpg,science_fiction
159,Dune,Frank Herbert,Fiction,science_fiction/0159.jpg,science_fiction
160,Science Fiction,John Clute,Science fiction,science_fiction/0160.jpg,science_fiction
161,The Star Rover,Jack London,Fiction,science_fiction/0161.jpg,science_fiction
162,Science Fiction in Argentina,Joanna Page,Fiction,science_fiction/0162.jpg,science_fiction
163,Indian Science Fiction,Suparno Banerjee,Literary Criticism,science_fiction/0163.jpg,science_fiction
164,Science Fiction by Scientists,Michael Brotherton,Science,science_fiction/0164.jpg,science_fiction
165,"Isaac Asimov, the Foundations of Science Fiction",James E. Gunn,Language Arts & Disciplines,science_fiction/0165.jpg,science_fiction
166,Leviathan Wakes,James S. A. Corey,Fiction,science_fiction/0166.jpg,science_fiction
167,The Norton Book of Science Fiction,"Ursula K. Le Guin, Brian Attebery",Fiction,science_fiction/0167.jpg,science_fiction
168,Science Fiction,Mark Bould,Performing Arts,science_fiction/0168.jpg,science_fiction
169,The Science in Science Fiction,Peter Nicholls,Science,science_fiction/0169.jpg,science_fiction
170,Economic Science Fictions,William Davies,Political Science,science_fiction/0170.jpg,science_fiction
171,The Oxford Book of Science Fiction Stories,T. A. Shippey,"Science fiction, American",science_fiction/0171.jpg,science_fiction
172,The Chymical Wedding of Christian Rosenkreutz,Johann Valentin Andreae,Religion,science_fiction/0172.jpg,science_fiction
173,Ready Player One,Ernest Cline,Fiction,science_fiction/0173.jpg,science_fiction
174,The Measure,Nikki Erlick,Fiction,science_fiction/0174.jpg,science_fiction
175,Project Hail Mary,Andy Weir,Fiction,science_fiction/0175.jpg,science_fiction
176,The Player of Games,Iain M. Banks,Fiction,science_fiction/0176.jpg,science_fiction
177,A World Out of Time,Larry Niven,Fiction,science_fiction/0177.jpg,science_fiction
178,The Man in the High Castle,Philip K. Dick,Fiction,science_fiction/0178.jpg,science_fiction
179,James Cameron's Story of Science Fiction,"Randall Frakes, Brooks Peck, Sidney Perkowitz, Matt Singer, Gary Wolfe, Lisa Yaszek",Performing Arts,science_fiction/0179.jpg,science_fiction
180,Diaspora,Greg Egan,Fiction,science_fiction/0180.jpg,science_fiction
181,"I, Coriander",Sally Gardner,Children's stories,science_fiction/0181.jpg,science_fiction
182,Shikasta,Doris Lessing,English fiction,science_fiction/0182.jpg,science_fiction
183,Red Rising,Pierce Brown,Fiction,science_fiction/0183.jpg,science_fiction
184,Recursion,Blake Crouch,Fiction,science_fiction/0184.jpg,science_fiction
185,Putting the Science in Fiction,Dan Koboldt,Language Arts & Disciplines,science_fiction/0185.jpg,science_fiction
186,Starship Troopers,Robert Anson Heinlein,Fiction,science_fiction/0186.jpg,science_fiction
187,Science Fiction,Adam Roberts,Literary Criticism,science_fiction/0187.jpg,science_fiction
188,Rendezvous With Rama,Arthur C. Clarke,Fiction,science_fiction/0188.jpg,science_fiction
189,Red Rising,Pierce Brown,Fiction,science_fiction/0189.jpg,science_fiction
190,The Fat Cat Sat on the Mat,Nurit Karlin,Juvenile Fiction,science_fiction/0190.jpg,science_fiction
191,SS-GB,Len Deighton,Fiction,science_fiction/0191.jpg,science_fiction
192,Recursion,Blake Crouch,Fiction,science_fiction/0192.jpg,science_fiction
193,Putting the Science in Fiction,Dan Koboldt,Language Arts & Disciplines,science_fiction/0193.jpg,science_fiction
194,The Soldier,Neal Asher,Fiction,science_fiction/0194.jpg,science_fiction
195,Starship Troopers,Robert Anson Heinlein,Fiction,science_fiction/0195.jpg,science_fiction
196,The Shadow Rising,Robert Jordan,Fiction,science_fiction/0196.jpg,science_fiction
197,Big Book of Science Fiction,Groff Conklin,Science fiction,science_fiction/0197.jpg,science_fiction
198,Science Fiction,Adam Roberts,Literary Criticism,science_fiction/0198.jpg,science_fiction
199,The Gollancz Book of South Asian Science Fiction Volume 2,Tarun K. Saint,Fiction,science_fiction/0199.jpg,science_fiction
200,Nineteen Eighty-Four,George Orwell,,science_fiction/0200.jpg,science_fiction
201,Astounding,Alec Nevala-Lee,Biography & Autobiography,science_fiction/0201.jpg,science_fiction
202,Rise of the TaiGethen,James Barclay,Elves,science_fiction/0202.jpg,science_fiction
203,The Hitchhiker's Guide to the Galaxy: The Original Radio Scripts,Douglas Adams,Performing Arts,science_fiction/0203.jpg,science_fiction
204,Machines in the Head,Anna Kavan,Fiction,science_fiction/0204.jpg,science_fiction
205,Tomorrow's Kin,Nancy Kress,Fiction,science_fiction/0205.jpg,science_fiction
206,Never Let Me Go,Kazuo Ishiguro,Fiction,science_fiction/0206.jpg,science_fiction
207,The One Impossible Labyrinth,Matthew Reilly,Fiction,science_fiction/0207.jpg,science_fiction
208,The Rise of Sivagami,Anand Neelakantan,"Historical fiction, Indic (English)",science_fiction/0208.jpg,science_fiction
209,The Great Dune Trilogy,Frank Herbert,Fiction,science_fiction/0209.jpg,science_fiction
210,The Fortunate Fall,Raphael Carter,Fiction,science_fiction/0210.jpg,science_fiction
211,Space Novels,Jules Verne,Interplanetary voyages,science_fiction/0211.jpg,science_fiction
212,Reading Science Fiction,"James Gunn, Marleen Barr, Matthew Candelaria",Language Arts & Disciplines,science_fiction/0212.jpg,science_fiction
213,Science Fiction Authors,Maura Heaphy,Language Arts & Disciplines,science_fiction/0213.jpg,science_fiction
214,Science Fiction - The Evolutionary Mythology of the Future,Thomas Lombardo,Literary Criticism,science_fiction/0214.jpg,science_fiction
215,Science Fiction Criticism,Rob Latham,Literary Criticism,science_fiction/0215.jpg,science_fiction
216,Cents of Wonder - Science Fiction's First Award Winners,"Steve Davidson, Kermit Woodall",Fiction,science_fiction/0216.jpg,science_fiction
217,Library of Congress Subject Headings,Library of Congress,"Subject headings, Library of Congress",science_fiction/0217.jpg,science_fiction
218,Library of Congress Subject Headings,Library of Congress. Cataloging Policy and Support Office,"Subject headings, Library of Congress",science_fiction/0218.jpg,science_fiction
219,Canopus in Argos,Doris Lessing,"Science fiction, English",science_fiction/0219.jpg,science_fiction
220,Targeting Media,Annemarie Lopez,Language Arts & Disciplines,science_fiction/0220.jpg,science_fiction
221,Beginning Database Design,Gavin Powell,Computers,science_fiction/0221.jpg,science_fiction
222,Few Things Left Unsaid,Sudeep Nagarkar,Fiction,romance/0222.jpg,romance
223,Fully Ignited,Shannon Stacey,Fiction,romance/0223.jpg,romance
224,Ignite Me (Shatter Me),Tahereh Mafi,Juvenile Fiction,romance/0224.jpg,romance
225,Modern Romance,"Aziz Ansari, Eric Klinenberg",Humor,romance/0225.jpg,romance
226,The Lotus Palace,Jeannie Lin,Fiction,romance/0226.jpg,romance
227,How to Romance the Woman You Love,"Lucy Sanna, Kathy Miller",Family & Relationships,romance/0227.jpg,romance
228,Reading the Romance,Janice A. Radway,Social Science,romance/0228.jpg,romance
229,Murphy's Romance,Max Schott,Fiction,romance/0229.jpg,romance
230,The Jinni Key,Bethany Atazadeh,Young Adult Fiction,romance/0230.jpg,romance
231,It Happened One Summer,Tessa Bailey,Fiction,romance/0231.jpg,romance
232,Romancing the Beat,Gwen Hayes,Romance fiction,romance/0232.jpg,romance
233,Silence is Golden,Robert Thier,,romance/0233.jpg,romance
234,The Unwanted Wife,Natasha Anders,Domestic fiction,romance/0234.jpg,romance
235,My Sister's Boss,P G Van,,romance/0235.jpg,romance
236,The Ancient Romances,Ben E. Perry,Literary Criticism,romance/0236.jpg,romance
237,Anglicising Romance,Rhiannon Purdie,Literary Criticism,romance/0237.jpg,romance
238,Library of Congress Subject Headings,"Library of Congress, Library of Congress. Subject Cataloging Division, Library of Congress. Office for Subject Cataloging Policy",Subject headings,romance/0238.jpg,romance
239,Nine Medieval Romances of Magic,Marijane Osborn,Poetry,romance/0239.jpg,romance
240,Library of Congress Subject Headings,Library of Congress. Cataloging Policy and Support Office,"Subject headings, Library of Congress",romance/0240.jpg,romance
241,Subject Headings Used in the Dictionary Catalogues of the Library of Congress,"Library of Congress, Library of Congress. Subject Cataloging Division",Subject headings,romance/0241.jpg,romance
242,Third Language Acquisition and Universal Grammar,Yan-kit Ingrid Leung,Language Arts & Disciplines,romance/0242.jpg,romance
243,Novel Definitions,Cheryl L. Nixon,Literary Criticism,romance/0243.jpg,romance
244,"English Prose Fiction in the Free Public Library, Newark",Newark Public Library,English fiction,romance/0244.jpg,romance
245,Science Fiction and Fantasy Literature,"R. Reginald, Douglas Menville, Mary A. Burgess",Reference,romance/0245.jpg,romance
246,International Encyclopedia of Linguistics,William Frawley,Language Arts & Disciplines,romance/0246.jpg,romance
247,Encyclopedia of Comic Books and Graphic Novels,M. Keith Booker,Social Science,romance/0247.jpg,romance
248,"Peoria Public Library List of English Fiction, French Fiction, and Juveniles","Peoria Public Library (Peoria, Ill.)",Children's literature,romance/0248.jpg,romance
249,Class Fictions,Pamela Fox,Literary Criticism,romance/0249.jpg,romance
250,Adoring Outlander,Valerie Estelle Frankel,Literary Criticism,romance/0250.jpg,romance
251,"Historicizing the Enlightenment, Volume 2",Michael McKeon,History,romance/0251.jpg,romance
252,Intertextuality and Victorian Studies,Sudha Shastri,Language Arts & Disciplines,romance/0252.jpg,romance
253,Romance Writing,Lynne Pearce,Language Arts & Disciplines,romance/0253.jpg,romance
254,Film Genre for the Screenwriter,Jule Selbo,Performing Arts,romance/0254.jpg,romance
255,Culture and Society in Medieval Galicia,,History,romance/0255.jpg,romance
256,Breaking the Alien Love Curse,Veronica Scott,Fiction,romance/0256.jpg,romance
257,"The Readers' Advisory Guide to Genre Fiction, Third Edition","Neal Wyatt, Joyce G. Saricks",Language Arts & Disciplines,romance/0257.jpg,romance
258,"Catalogue of the Mathematical, Historical Bibliographical and Miscellaneous Portion of the Celebrated Library ... Apr. 26, 1861 ...",Guillaume Libri,,romance/0258.jpg,romance
259,Encyclopedia of the Novel,Paul Schellinger,Literary Criticism,romance/0259.jpg,romance
260,The Structure and Ideology of Romance Fiction,Michael Andrew Young,,romance/0260.jpg,romance
261,Translation and Temporality in Benoît de Sainte-Maure's Roman de Troie,Maud Burnett McInerney,Literary Collections,romance/0261.jpg,romance
262,Dying for You,Jenny Frame,Fiction,romance/0262.jpg,romance
263,Boss Me Dirty,Parker Grey,,romance/0263.jpg,romance
264,Kiss To Forget,Anna B Doe,,romance/0264.jpg,romance
265,The Cambridge History of English Poetry,Michael O'Neill,Literary Criticism,romance/0265.jpg,romance
266,Library of Congress Subject Headings,"Library of Congress, Library of Congress. Subject Cataloging Division, Library of Congress. Office for Subject Cataloging Policy",Subject headings,romance/0266.jpg,romance
267,100 Days of Sunlight,Abbie Emmons,Young Adult Fiction,romance/0267.jpg,romance
268,Nine Medieval Romances of Magic,Marijane Osborn,Poetry,romance/0268.jpg,romance
269,Library of Congress Subject Headings,Library of Congress. Cataloging Policy and Support Office,"Subject headings, Library of Congress",romance/0269.jpg,romance
270,Subject Headings Used in the Dictionary Catalogues of the Library of Congress,"Library of Congress, Library of Congress. Subject Cataloging Division",Subject headings,romance/0270.jpg,romance
271,Third Language Acquisition and Universal Grammar,Yan-kit Ingrid Leung,Language Arts & Disciplines,romance/0271.jpg,romance
272,Novel Definitions,Cheryl L. Nixon,Literary Criticism,romance/0272.jpg,romance
273,"English Prose Fiction in the Free Public Library, Newark",Newark Public Library,English fiction,romance/0273.jpg,romance
274,Science Fiction and Fantasy Literature,"R. Reginald, Douglas Menville, Mary A. Burgess",Reference,romance/0274.jpg,romance
275,International Encyclopedia of Linguistics,William Frawley,Language Arts & Disciplines,romance/0275.jpg,romance
276,Encyclopedia of Comic Books and Graphic Novels,M. Keith Booker,Social Science,romance/0276.jpg,romance
277,"Peoria Public Library List of English Fiction, French Fiction, and Juveniles","Peoria Public Library (Peoria, Ill.)",Children's literature,romance/0277.jpg,romance
278,Class Fictions,Pamela Fox,Literary Criticism,romance/0278.jpg,romance
279,Adoring Outlander,Valerie Estelle Frankel,Literary Criticism,romance/0279.jpg,romance
280,"Historicizing the Enlightenment, Volume 2",Michael McKeon,History,romance/0280.jpg,romance
281,Intertextuality and Victorian Studies,Sudha Shastri,Language Arts & Disciplines,romance/0281.jpg,romance
282,Film Genre for the Screenwriter,Jule Selbo,Performing Arts,romance/0282.jpg,romance
283,Breaking the Alien Love Curse,Veronica Scott,Fiction,romance/0283.jpg,romance
284,Culture and Society in Medieval Galicia,,History,romance/0284.jpg,romance
285,"Catalogue of the Mathematical, Historical Bibliographical and Miscellaneous Portion of the Celebrated Library ... Apr. 26, 1861 ...",Guillaume Libri,,romance/0285.jpg,romance
286,Encyclopedia of the Novel,Paul Schellinger,Literary Criticism,romance/0286.jpg,romance
287,The Structure and Ideology of Romance Fiction,Michael Andrew Young,,romance/0287.jpg,romance
288,Stories about Stories,Brian Attebery,Fiction,romance/0288.jpg,romance
289,Teaching Tainted Lit,Janet G. Casey,Education,romance/0289.jpg,romance
290,Translation and Temporality in Benoît de Sainte-Maure's Roman de Troie,Maud Burnett McInerney,Literary Collections,romance/0290.jpg,romance
291,Handbook of Medieval Studies,Albrecht Classen,Literary Criticism,romance/0291.jpg,romance
292,Handbook of the American Novel of the Nineteenth Century,Christine Gerhardt,Literary Criticism,romance/0292.jpg,romance
293,Don Quixote as Children's Literature,Velma Bourgeois Richmond,Literary Criticism,romance/0293.jpg,romance
294,Poets and Scribes in Late Medieval England,"Michael Johnston, Kathryn Kerby-Fulton, Derek Pearsall",Literary Criticism,romance/0294.jpg,romance
295,James Fenimore Cooper,W. M. Verhoeven,Literary Criticism,romance/0295.jpg,romance
296,"Diachronic, Typological, and Areal Aspects of Converbs","Paola Cotticelli-Kurras, Eystein Dahl, Jelena Živojinović",Language Arts & Disciplines,romance/0296.jpg,romance
297,Theorizing Feminism,"Anne C. Herrmann, Abigail J. Stewart",Social Science,romance/0297.jpg,romance
298,Possible Knowledge,Debapriya Sarkar,Literary Criticism,romance/0298.jpg,romance
299,Romance Writing,Lynne Pearce,Language Arts & Disciplines,romance/0299.jpg,romance
300,"Robert Louis Stevenson, Science, and the Fin de Siècle",J. Reid,Literary Criticism,romance/0300.jpg,romance
301,Steve Jobs,Walter Isaacson,Biography & Autobiography,biography/0301.jpg,biography
302,Bill Gates,Michael B. Becraft,Biography & Autobiography,biography/0302.jpg,biography
303,The Biography Book,Daniel S. Burt,Literary Criticism,biography/0303.jpg,biography
304,Tolstoy,A. N. Wilson,Biography & Autobiography,biography/0304.jpg,biography
305,"Indira Gandhi, a Biography",Pupul Jayakar,Biography & Autobiography,biography/0305.jpg,biography
306,Walt Disney,Neal Gabler,Biography & Autobiography,biography/0306.jpg,biography
307,Barack Obama,Joann F. Price,,biography/0307.jpg,biography
308,Who Was Christopher Columbus? Biography for Kids 6-8 | Children's Biography Books,Baby Professor,Juvenile Fiction,biography/0308.jpg,biography
309,Stephen Hawking,Kristine Larsen,Biography & Autobiography,biography/0309.jpg,biography
310,Notes of a Dream,Krishna Trilok,Biography & Autobiography,biography/0310.jpg,biography
311,Who Was Michael Faraday? Biography Books Best Sellers | Children's Biography Books,"Baby, Baby Professor",Juvenile Nonfiction,biography/0311.jpg,biography
312,Wings of Fire,"Avul Pakir Jainulabdeen Abdul Kalam, Arun Tiwari",Biography & Autobiography,biography/0312.jpg,biography
313,The Snowball,Alice Schroeder,Business & Economics,biography/0313.jpg,biography
314,VIVE KANANDA A Biography,SWAMI NIKHILANANDA,,biography/0314.jpg,biography
315,Anne Frank,Anne Frank,Biography & Autobiography,biography/0315.jpg,biography
316,Savarkar,Vikram Sampath,Biography & Autobiography,biography/0316.jpg,biography
317,Max Weber,Marianne Weber,Music,biography/0317.jpg,biography
318,Maggie Smith,Michael Coveney,Biography & Autobiography,biography/0318.jpg,biography
319,Rajinikanth,Naman Ramachandran,Performing Arts,biography/0319.jpg,biography
320,Subhas Chandra Bose - A Biography,Ileen Bear,Biography & Autobiography,biography/0320.jpg,biography
321,Indira Gandhi,Pupul Jayakar,Biography & Autobiography,biography/0321.jpg,biography
322,Enid Blyton: The Biography,Barbara Stoney,Biography & Autobiography,biography/0322.jpg,biography
323,Einstein,Walter Isaacson,Biography & Autobiography,biography/0323.jpg,biography
324,Little Girl Lost,"Drew Barrymore, Todd Gold",Motion picture actors and actresses,biography/0324.jpg,biography
325,A Biography of Loneliness,Fay Bound Alberti,History,biography/0325.jpg,biography
326,Dharmendra,Rajiv Vijayakar,Fiction,biography/0326.jpg,biography
327,The Palgrave Handbook of Auto/Biography,"Julie M. Parsons, Anne Chappell",Social Science,biography/0327.jpg,biography
328,A Biography of the Pixel,Alvy Ray Smith,Computers,biography/0328.jpg,biography
329,Arthur C. Clarke,Neil McAleer,Biography & Autobiography,biography/0329.jpg,biography
330,Stories I Only Tell My Friends,Rob Lowe,Biography & Autobiography,biography/0330.jpg,biography
331,Anna,Amy Odell,Biography & Autobiography,biography/0331.jpg,biography
332,Diabetes: The Biography,Robert Tattersall,Health & Fitness,biography/0332.jpg,biography
333,J.R.R. Tolkien: A Biography,Humphrey Carpenter,Biography & Autobiography,biography/0333.jpg,biography
334,Biography in Theory,"Wilhelm Hemecker, Edward Saunders",Literary Criticism,biography/0334.jpg,biography
335,Reading Biography,Carl Rollyson,Biography & Autobiography,biography/0335.jpg,biography
336,Oprah Winfrey,Helen S. Garson,Biography & Autobiography,biography/0336.jpg,biography
337,Biographies in the History of Physics,"Christian Forstner, Mark Walker",Science,biography/0337.jpg,biography
338,Biography and the Question of Literature in France,Ann Jefferson,Literary Criticism,biography/0338.jpg,biography
339,The Encyclopaedia Britannica,Hugh Chisholm,Encyclopedias and dictionaries,biography/0339.jpg,biography
340,Biography Exemplary and Instructive,William Chambers,Biography,biography/0340.jpg,biography
341,Oprah Winfrey,Helen S. Garson,Biography & Autobiography,biography/0341.jpg,biography
342,Biographies in the History of Physics,"Christian Forstner, Mark Walker",Science,biography/0342.jpg,biography
343,Biography and the Question of Literature in France,Ann Jefferson,Literary Criticism,biography/0343.jpg,biography
344,The Encyclopaedia Britannica,Hugh Chisholm,Encyclopedias and dictionaries,biography/0344.jpg,biography
345,Biography Exemplary and Instructive,William Chambers,Biography,biography/0345.jpg,biography
346,Abraham Lincoln,Godfrey Rathbone Benson Baron Charnwood,Fiction,biography/0346.jpg,biography
347,Samuel Beckett,Deirdre Bair,Biography & Autobiography,biography/0347.jpg,biography
348,Recognizing Biography,William H. Epstein,Literary Criticism,biography/0348.jpg,biography
349,The Art of Biography in Antiquity,Tomas Hägg,Biography & Autobiography,biography/0349.jpg,biography
350,Why I am an Atheist and Other Works,Bhagat Singh,History,biography/0350.jpg,biography
351,Leonardo Da Vinci,Walter Isaacson,Biography & Autobiography,biography/0351.jpg,biography
352,The Seductions of Biography,"David Suchoff, Mary Rhiel",Social Science,biography/0352.jpg,biography
353,Every Love Story Is a Ghost Story,D. T. Max,Biography & Autobiography,biography/0353.jpg,biography
354,Dictionary of National Biography,"Leslie Stephen, Sir Sidney Lee",Great Britain,biography/0354.jpg,biography
355,... Biography of American Statesmanship,George Elliott Howard,United States,biography/0355.jpg,biography
356,The Other Boleyn Girl (Movie Tie-In),Philippa Gregory,Fiction,biography/0356.jpg,biography
357,British Musical Biography,"James Duff Brown, Stephen Samuel Stratton",Music,biography/0357.jpg,biography
358,Sachin Tendulkar,Viabhav Purandare,,biography/0358.jpg,biography
359,A Companion to Literary Biography,Richard Bradford,Biography & Autobiography,biography/0359.jpg,biography
360,Shark Lady,Jess Keating,Ichthyologists,biography/0360.jpg,biography
361,Francis Bacon,"Mark Stevens, Annalyn Swan",Biography & Autobiography,biography/0361.jpg,biography
362,The Turn to Biographical Methods in Social Science,"Prue Chamberlayne, Joanna Bornat, Tom Wengraf",Reference,biography/0362.jpg,biography
363,Truthful Fictions: Conversations with American Biographical Novelists,Michael Lackey,Literary Criticism,biography/0363.jpg,biography
364,Biographical Misrepresentations of British Women Writers,Brenda Ayres,Literary Criticism,biography/0364.jpg,biography
365,Alexander Hamilton,Ron Chernow,,biography/0365.jpg,biography
366,My Journey,Avul Pakir Jainulabdeen Abdul Kalam,Biography & Autobiography,biography/0366.jpg,biography
367,Yves Saint Laurent,Laurence Benaïm,Design,biography/0367.jpg,biography
368,Who Is Michael Ovitz?,Michael Ovitz,Biography & Autobiography,biography/0368.jpg,biography
369,Subject Headings Used in the Dictionary Catalogues of the Library of Congress,"Library of Congress, Library of Congress. Subject Cataloging Division",Subject headings,biography/0369.jpg,biography
370,Madness and the Romantic Poet,James Whitehead,Literary Criticism,biography/0370.jpg,biography
371,The Book of Awesome Black Americans,Monique Jones,Young Adult Nonfiction,biography/0371.jpg,biography
372,What is a Gospel?,Charles H. Talbert,Biography & Autobiography,biography/0372.jpg,biography
373,"Gandhi: The Years That Changed the World, 1914-1948",Ramachandra Guha,Biography & Autobiography,biography/0373.jpg,biography
374,David Attenborough,Maria Isabel Sanchez Vegara,Juvenile Nonfiction,biography/0374.jpg,biography
375,"Biographical Dictionary of Chinese Women, Volume II","Lily Xiao Hong Lee, Sue Wiles",Social Science,biography/0375.jpg,biography
376,Autobiography of a Yogi,Paramahansa Yogananda,Religion,biography/0376.jpg,biography
377,The Lost Symbol,Dan Brown,Fiction,biography/0377.jpg,biography
378,Essays in Ecclesiastical Biography,Sir James Stephen,Christian biography,biography/0378.jpg,biography
379,The History Book,DK,History,history/0379.jpg,history
380,U.S. History,"P. Scott Corbett, Volker Janssen, John M. Lund, Todd Pfannestiel, Sylvie Waskiewicz, Paul Vickery",History,history/0380.jpg,history
381,What is History?,Edward Hallett Carr,History,history/0381.jpg,history
382,The Lessons of History,"Will Durant, Ariel Durant",History,history/0382.jpg,history
383,The History of the Book in South Asia,Francesca Orsini,Language Arts & Disciplines,history/0383.jpg,history
384,An Introduction to Book History,"David Finkelstein, Alistair McCleery",Social Science,history/0384.jpg,history
385,A Companion to the History of the Book,"Simon Eliot, Jonathan Rose",Literary Criticism,history/0385.jpg,history
386,The Cambridge Companion to the History of the Book,Leslie Howsam,Language Arts & Disciplines,history/0386.jpg,history
387,A History of UNESCO,Poul Duedahl,History,history/0387.jpg,history
388,History Is Rich,Shaun S. Nichols,Juvenile Nonfiction,history/0388.jpg,history
389,The Television History Book,"Michele Hilmes, Jason Jacobs",Performing Arts,history/0389.jpg,history
390,History of Ancient and Early Medieval India from the Stone Age to the 12th Century,Mr. Rohit Manglik,History,history/0390.jpg,history
391,"Understanding History Book 2 (Reform, Expansion,Trade and Industry)","John Child, Paul Shuter",History,history/0391.jpg,history
392,Books That Changed History,DK,Reference,history/0392.jpg,history
393,The Calling of History,Dipesh Chakrabarty,Biography & Autobiography,history/0393.jpg,history
394,The History Book (Miles Kelly).,"MAKE BELIEVE IDEAS LTD. MAKE BELIEVE IDEAS LTD, Simon Adams, Philip Steele, Stewart Ross, Richard Platt",World history,history/0394.jpg,history
395,Glimpses of World History,Jawaharlal Nehru,Civilization,history/0395.jpg,history
396,End of History and the Last Man,Francis Fukuyama,History,history/0396.jpg,history
397,History of India,Dr Malti Malik,History,history/0397.jpg,history
398,International Law and the Politics of History,Anne Orford,History,history/0398.jpg,history
399,Culture and International History,"Jessica C. E. Gienow-Hecht, Frank Schumacher",History,history/0399.jpg,history
400,What is the History of the Book?,James Raven,History,history/0400.jpg,history
401,A History of Books,Gerald Murnane,Fiction,history/0401.jpg,history
402,History in the Digital Age,Toni Weller,Computers,history/0402.jpg,history
403,Ebony,,,history/0403.jpg,history
404,The 100 Most Influential Books Ever Written,Martin Seymour-Smith,Literary Criticism,history/0404.jpg,history
405,The Hindu History,Akshoy Kumar Mazumdar,Hinduism,history/0405.jpg,history
406,The Book of Amazing History,Publications International Ltd,Games & Activities,history/0406.jpg,history
407,The Encyclopaedia Britannica,Hugh Chisholm,Encyclopedias and dictionaries,history/0407.jpg,history
408,Book Review Digest,,Books,history/0408.jpg,history
409,A People's History of the United States,Howard Zinn,History,history/0409.jpg,history
410,A Radical History of the World,Neil Faulkner,History,history/0410.jpg,history
411,Ebony,,,history/0411.jpg,history
412,History in the Making,"Catherine Locks, Sarah K. Mergel, Pamela Thomas Roseman, Tamara Spike",History,history/0412.jpg,history
413,Bagful of History,Subhadra Sen Gupta,,history/0413.jpg,history
414,The Nostradamus Enigma: History's Most Famous Seer,Anonymous,Architecture,history/0414.jpg,history
415,British Historical Fiction before Scott,A. Stevens,Fiction,history/0415.jpg,history
416,Art and the Historical Film,Gillian McIver,Performing Arts,history/0416.jpg,history
417,The Postcolonial Historical Novel,H. Dalley,Literary Criticism,history/0417.jpg,history
418,Ebony,,,history/0418.jpg,history
419,Bengal in Global Concept History,Andrew Sartori,Business & Economics,history/0419.jpg,history
420,Human Capital in History,"Leah Platt Boustan, Carola Frydman, Robert A. Margo",Business & Economics,history/0420.jpg,history
421,Bharat,रामचंद्र गुहा,Literary Collections,history/0421.jpg,history
422,A Local History of Global Capital,Tariq Omar Ali,History,history/0422.jpg,history
423,The Climate of History in a Planetary Age,Dipesh Chakrabarty,History,history/0423.jpg,history
424,History in the Making,"Catherine Locks, Sarah K. Mergel, Pamela Thomas Roseman, Tamara Spike",History,history/0424.jpg,history
425,The Ethos of History,"Stefan Helgesson, Jayne Svenungsson",History,history/0425.jpg,history
426,Bagful of History,Subhadra Sen Gupta,,history/0426.jpg,history
427,The Nostradamus Enigma: History's Most Famous Seer,Anonymous,Architecture,history/0427.jpg,history
428,Public and Private Welfare in Modern Europe,"Fabio Giomi, Célia Keren, Morgane Labbé",Charities,history/0428.jpg,history
429,Mulcaster's Elementarie,Richard Mulcaster,Education,history/0429.jpg,history
430,India's Ancient Past,Ram Sharan Sharma,History,history/0430.jpg,history
431,Recording History,Christopher Silver,History,history/0431.jpg,history
432,Routledge Handbook of Historical International Relations,"Benjamin de Carvalho, Julia Costa Lopez, Halvard Leira",Political Science,history/0432.jpg,history
433,Historical Linguistics and Biblical Hebrew,"Robert Rezetko, Ian Young",Religion,history/0433.jpg,history
434,Historical Discourse,Caroline Coffin,Language Arts & Disciplines,history/0434.jpg,history
435,The English Historical Review,,,history/0435.jpg,history
436,British Historical Fiction before Scott,A. Stevens,Fiction,history/0436.jpg,history
437,Art and the Historical Film,Gillian McIver,Performing Arts,history/0437.jpg,history
438,The Postcolonial Historical Novel,H. Dalley,Literary Criticism,history/0438.jpg,history
439,Historical Dictionary of Indonesia,Audrey Kahin,History,history/0439.jpg,history
440,History,Adam Hart-Davis,History,history/0440.jpg,history
441,The Social Studies Curriculum,E. Wayne Ross,Education,history/0441.jpg,history
442,Eyewitness to History,John Carey,History,history/0442.jpg,history
443,History by HBO,Rebecca Weeks,Performing Arts,history/0443.jpg,history
444,The R̥igvedic People,Braj Basi Lal,Hindu antiquities,history/0444.jpg,history
445,Our Moon Has Blood Clots,Rahul Pandita,Ethnic conflict,history/0445.jpg,history
446,The Incredible History of India's Geography,Sanjeev Sanyal,History,history/0446.jpg,history
447,St James's Palace,"Rufus Bird, Simon Thurley, Michael Turner",History,history/0447.jpg,history
448,Understanding History,"John Child, David Taylor, Tim Hodge",History,history/0448.jpg,history
449,Rowdy,Christopher Madsen,Biography & Autobiography,history/0449.jpg,history
450,Comprehending Antisemitism through the Ages: A Historical Perspective,"Armin Lange, Kerstin Mayerhofer, Dina Porat, Lawrence H. Schiffman",History,history/0450.jpg,history
451,Herbert E. Bolton and the Historiography of the Americas,Russell Magnaghi,History,history/0451.jpg,history
452,"The Circle of Knowledge: A Classified, Simplified, Visualized Book of Answers",Various,Fiction,history/0452.jpg,history
453,War and Conflict Quotations,"Michael C. Thomsett, Jean Freestone Thomsett",History,history/0453.jpg,history
454,A Law of Peoples for Recognizing States,Chris Naticchia,Philosophy,history/0454.jpg,history
455,The Seven Dials Mystery,Agatha Christie,Fiction,mystery/0455.jpg,mystery
456,A Madras Mystery,Rangarajan,Fiction,mystery/0456.jpg,mystery
457,The Mystery of the Missing Cake,Claudia Boldt,Animals,mystery/0457.jpg,mystery
458,M for Mystery,"Girja Rani Asthana, Manorama Jafa, Nilima Sinha, Ira Saxena, Surekha Panandiker, Girja Rani Asthana, Manorama Jafa, Nilima Sinha, Ira Saxena Deepa Agarwal",,mystery/0458.jpg,mystery
459,The Mona Lisa Mystery,Pat Hutchins,Juvenile Fiction,mystery/0459.jpg,mystery
460,The Solitaire Mystery,Jostein Gaarder,Fiction,mystery/0460.jpg,mystery
461,The Mystery Readers' Advisory,"John Charles, Joanna Morrison, Candace Clark",Language Arts & Disciplines,mystery/0461.jpg,mystery
462,The Hidden Hindu 2,Akshat Gupta,Fiction,mystery/0462.jpg,mystery
463,First Class Murder,Robin Stevens,Juvenile Fiction,mystery/0463.jpg,mystery
464,Crime & Mystery,Henry Reymond Fitzwalter Keating,Fiction,mystery/0464.jpg,mystery
465,DIY MFA,Gabriela Pereira,Language Arts & Disciplines,mystery/0465.jpg,mystery
466,One Arranged Murder,Chetan Bhagat,Fiction,mystery/0466.jpg,mystery
467,Next Door (A Chloe Fine Psychological Suspense Mystery—Book 1),Blake Pierce,Fiction,mystery/0467.jpg,mystery
468,Akbar & Birbal,Prafull Achari,Fiction,mystery/0468.jpg,mystery
469,The Listerdale Mystery,Agatha Christie,Fiction,mystery/0469.jpg,mystery
470,Mystery of the Mind,Swami Muktananda,Health & Fitness,mystery/0470.jpg,mystery
471,That Night,NIDHI. UPADHYAY,,mystery/0471.jpg,mystery
472,Murdrum,Dr Sohil Makwana,,mystery/0472.jpg,mystery
473,The Girl in the Glass Case,Devashish Sardana,Fiction,mystery/0473.jpg,mystery
474,MURDRUM 2 : DOUBLE TROUBLE,DR. Sohil Makwana,Young Adult Fiction,mystery/0474.jpg,mystery
475,The Mysterious Island,Jules Verne,Fiction,mystery/0475.jpg,mystery
476,In the Mystery's Shadow,Susan H. Swetnam,Religion,mystery/0476.jpg,mystery
477,Murder Under Her Skin,Stephen Spotswood,Fiction,mystery/0477.jpg,mystery
478,Murder on the Orient Express: The Graphic Novel (Poirot),Agatha Christie,Fiction,mystery/0478.jpg,mystery
479,The Pickup Artist,Mystery,Psychology,mystery/0479.jpg,mystery
480,The Measure,Nikki Erlick,Fiction,mystery/0480.jpg,mystery
481,The Saving Mysteries of Jesus Christ,"Edgardo Colón-Emeric, Mark Gorman",Religion,mystery/0481.jpg,mystery
482,The Spiritual Origins of Eastern Europe and the Future Mysteries of the Holy Grail,Sergei O. Prokofieff,Religion,mystery/0482.jpg,mystery
483,3 and a Half Murders: An Inspector Saralkar Mystery,Salil Desai,Fiction,mystery/0483.jpg,mystery
484,Library of Congress Subject Headings,Library of Congress,"Subject headings, Library of Congress",mystery/0484.jpg,mystery
485,The Silent Patient,Alex Michaelides,Fiction,mystery/0485.jpg,mystery
486,Theory of Prose,Виктор Шкловский,Language Arts & Disciplines,mystery/0486.jpg,mystery
487,Initiation into the Mysteries of the Ancient World,Jan N. Bremmer,History,mystery/0487.jpg,mystery
488,The Guggenheim Mystery,Robin Stevens,Juvenile Fiction,mystery/0488.jpg,mystery
489,Bookshop Mysteries,"John Harvey, Ian Rankin, Joyce Carol Oates, Peter Lovesey, Laura Lippman",Fiction,mystery/0489.jpg,mystery
490,The Mysterious Story of God,Dinesh Sastry,Religion,mystery/0490.jpg,mystery
491,"The Mercantile navy list. 1848 [4 issues], 49 [2 issues], 50-53,57-61,64-71,80,81,92-1939",Trade Board of,,mystery/0491.jpg,mystery
492,The Girl Who Lived,Christopher Greyson,Fiction,mystery/0492.jpg,mystery
493,The Midnight Library: A GMA Book Club Pick,Matt Haig,Fiction,mystery/0493.jpg,mystery
494,Buried Magic,TJ Green,Fiction,mystery/0494.jpg,mystery
495,Crime Hits Home,S.J. Rozan,Fiction,mystery/0495.jpg,mystery
496,Bookshop Mysteries,"John Harvey, Ian Rankin, Joyce Carol Oates, Peter Lovesey, Laura Lippman",Fiction,mystery/0496.jpg,mystery
497,The Mysterious Story of God,Dinesh Sastry,Religion,mystery/0497.jpg,mystery
498,"The Mercantile navy list. 1848 [4 issues], 49 [2 issues], 50-53,57-61,64-71,80,81,92-1939",Trade Board of,,mystery/0498.jpg,mystery
499,The Girl Who Lived,Christopher Greyson,Fiction,mystery/0499.jpg,mystery
500,The Midnight Library: A GMA Book Club Pick,Matt Haig,Fiction,mystery/0500.jpg,mystery
501,"The Ministry of the Word, Vol. 23, No. 08",Various Authors,Religion,mystery/0501.jpg,mystery
502,A Book to Kill For,Harper Lin,Fiction,mystery/0502.jpg,mystery
503,The Snowflake,"Kenneth Libbrecht, Patricia Rasmussen",Snowflakes,mystery/0503.jpg,mystery
504,Confessions about Colton,Olivia Harvard,Young Adult Fiction,mystery/0504.jpg,mystery
505,The Kidnapped King,Ron Roy,,mystery/0505.jpg,mystery
506,The Catechism of the Council of Trent,Various,Religion,mystery/0506.jpg,mystery
507,Death’s Door,Paul Finch,Fiction,mystery/0507.jpg,mystery
508,The Secret History of Marvel Comics,"Blake Bell, Michael J. Vassallo",Literary Criticism,mystery/0508.jpg,mystery
509,"Collected Works (12+ illustrated edition) of Karl Marx: Capital, The Communist Manifesto,Critique of Hegel’s Philosophy of Right",Karl Marx,Fiction,mystery/0509.jpg,mystery
510,Let Her Go (A Fiona Red FBI Suspense Thriller—Book 1),Blake Pierce,Fiction,mystery/0510.jpg,mystery
511,Catastrophe in the Library,Ceecee James,,mystery/0511.jpg,mystery
512,Colossians,David J. Landegent,Religion,mystery/0512.jpg,mystery
513,Hardy Boys 01: The Tower Treasure,Franklin W. Dixon,Juvenile Fiction,mystery/0513.jpg,mystery
514,Hardy Boys 19: The Disappearing Floor,Franklin W. Dixon,Juvenile Fiction,mystery/0514.jpg,mystery
515,Nancy Drew 12: The Message in the Hollow Oak,Carolyn Keene,Juvenile Fiction,mystery/0515.jpg,mystery
516,Her Last Mistake (A Rachel Gift FBI Suspense Thriller—Book 7),Blake Pierce,Fiction,mystery/0516.jpg,mystery
517,An Introduction to Christian Theology,"Richard J. Plantinga, Thomas R. Thompson, Matthew D. Lundberg",Religion,mystery/0517.jpg,mystery
518,Blown Away,Franklin W. Dixon,Juvenile Fiction,mystery/0518.jpg,mystery
519,Midwife for Souls,Kathy Kalina,Family & Relationships,mystery/0519.jpg,mystery
520,"Girl, Escaped (An Ella Dark FBI Suspense Thriller—Book 10)",Blake Pierce,Fiction,mystery/0520.jpg,mystery
521,Trinitarian Doxology,Kevin J. Navarro,Religion,mystery/0521.jpg,mystery
522,Trends in Functional Programming,"Jurriaan Hage, Jay McCarthy",Computers,mystery/0522.jpg,mystery
523,"Truths versus Shadows, or the Real and the False",F. R. Waring,Psychology,mystery/0523.jpg,mystery
524,Scene of the Grind,Tonya Kappes,Coffeehouses,mystery/0524.jpg,mystery
525,The Truth Is,H. W. L. Poonja,Religion,mystery/0525.jpg,mystery
526,Elusive,Sara Rosett,Fiction,mystery/0526.jpg,mystery
527,A Paige King FBI Suspense Thriller Bundle: The Girl He Wished (#4) and The Girl He Crowned (#5),Blake Pierce,Fiction,mystery/0527.jpg,mystery
528,One Last Regret (The Governess: Book 7),Blake Pierce,Fiction,mystery/0528.jpg,mystery
529,Course-Based Undergraduate Research,Nancy H. Hensel,Education,mystery/0529.jpg,mystery
530,Her Last Mercy (A Rachel Gift FBI Suspense Thriller—Book 16),Blake Pierce,Fiction,mystery/0530.jpg,mystery
531,Science Fiction and Fantasy Literature,"R. Reginald, Douglas Menville, Mary A. Burgess",Reference,mystery/0531.jpg,mystery
532,The Grand Babylon Hotel,Arnold Bennett,Fiction,mystery/0532.jpg,mystery
533,Sermons and Discourses on Several Important Subjects in Divinity,Thomas Boston,,mystery/0533.jpg,mystery
534,The Fellowship of the Ring,John Ronald Reuel Tolkien,,fantasy/0534.jpg,fantasy
535,Legacy of Ash,Matthew Ward,Fiction,fantasy/0535.jpg,fantasy
536,Interface Fantasy,Andre Nusselder,Philosophy,fantasy/0536.jpg,fantasy
537,Fantasy Football and Mathematics,Dan Flockhart,Education,fantasy/0537.jpg,fantasy
538,Fantasy,Richard Mathews,Literary Criticism,fantasy/0538.jpg,fantasy
539,"The Stone Knife (The Songs of the Drowned, Book 1)",Anna Stephens,Fiction,fantasy/0539.jpg,fantasy
540,Fantasy Football Tips,Sam Hendricks,Games & Activities,fantasy/0540.jpg,fantasy
541,The Fantasy Sport Industry,"Andrew Billings, Brody Ruihley",Sports & Recreation,fantasy/0541.jpg,fantasy
542,Fantasy Premier League,Toby Margetts,Sports & Recreation,fantasy/0542.jpg,fantasy
543,The Black Coast,Mike Brooks,Fiction,fantasy/0543.jpg,fantasy
544,Ignite Me (Shatter Me),Tahereh Mafi,Juvenile Fiction,fantasy/0544.jpg,fantasy
545,Fantasy Literature,Mark A. Fabrizi,Education,fantasy/0545.jpg,fantasy
546,A Court of Thorns and Roses,Sarah J. Maas,Fiction,fantasy/0546.jpg,fantasy
547,The Secret of the Nagas,Amish Tripathi,Fiction,fantasy/0547.jpg,fantasy
548,Rhetorics of Fantasy,Farah Mendlesohn,Language Arts & Disciplines,fantasy/0548.jpg,fantasy
549,Race and Popular Fantasy Literature,Helen Young,Literary Criticism,fantasy/0549.jpg,fantasy
550,The Ultimate Encyclopedia of Fantasy,"David Pringle, Tim Dedpulos",Literary Criticism,fantasy/0550.jpg,fantasy
551,Final Fantasy Tactics Series,,,fantasy/0551.jpg,fantasy
552,"Intelligence, Creativity and Fantasy","Mário Ming Kong, Maria do Rosário Monteiro, Maria João Pereira Neto",Social Science,fantasy/0552.jpg,fantasy
553,Final Fantasy Ultimania Archive Volume 2,Square Enix,Games & Activities,fantasy/0553.jpg,fantasy
554,Translation and Fantasy Literature in Taiwan,Y. Chung,Language Arts & Disciplines,fantasy/0554.jpg,fantasy
555,The Year's Best Fantasy,Paula Guran,Fiction,fantasy/0555.jpg,fantasy
556,Fantasy Football's Big Six,Robert Zarzycki,Games & Activities,fantasy/0556.jpg,fantasy
557,Imagination from Fantasy to Delusion,Lois Oppenheim,Psychology,fantasy/0557.jpg,fantasy
558,The Year's Best Dark Fantasy & Horror,Paula Guran,Fiction,fantasy/0558.jpg,fantasy
559,The Cambridge Companion to Fantasy Literature,"Edward James, Farah Mendlesohn",Literary Criticism,fantasy/0559.jpg,fantasy
560,The Fantasy Literature of England,Colin Manlove,Fiction,fantasy/0560.jpg,fantasy
561,Historical Dictionary of Fantasy Literature,Allen Stroud,Literary Criticism,fantasy/0561.jpg,fantasy
562,The Evolution of Modern Fantasy,Jamie Williamson,Literary Criticism,fantasy/0562.jpg,fantasy
563,Focus On: 100 Most Popular 2010s Fantasy Films,Wikipedia contributors,,fantasy/0563.jpg,fantasy
564,Yoshitaka Amano: The Illustrated Biography-Beyond the Fantasy,"Florent Gorges, Luc Petronille",Comics & Graphic Novels,fantasy/0564.jpg,fantasy
565,2017 Fantasy Football Consistency Guide,Bob Lung,,fantasy/0565.jpg,fantasy
566,Yoshitaka Amano: The Illustrated Biography Beyond the Fantasy Limited Edition,"Florent Gorges, Luc Petronille",Comics & Graphic Novels,fantasy/0566.jpg,fantasy
567,The Hour of Magic (Geronimo Stilton and the Kingdom of Fantasy #8),Geronimo Stilton,Juvenile Fiction,fantasy/0567.jpg,fantasy
568,Gender and Sexuality in Contemporary Popular Fantasy,"Jude Roberts, Esther MacCallum-Stewart",Social Science,fantasy/0568.jpg,fantasy
569,Peppa Pig: ¡Compartir es genial! (Learning to Share),Meredith Rusu,Juvenile Fiction,fantasy/0569.jpg,fantasy
570,Life with an Ordinary Guy Who Reincarnated into a Total Fantasy Knockout Vol. 4,"Yu Tsurusaki, Shin Ikezawa",Comics & Graphic Novels,fantasy/0570.jpg,fantasy
571,Children of Virtue and Vengeance,Tomi Adeyemi,Young Adult Fiction,fantasy/0571.jpg,fantasy
572,Fantasy/Animation,"Christopher Holliday, Alexander Sergeant",Performing Arts,fantasy/0572.jpg,fantasy
573,Tales of Fantasy,Tudor Jenks,Children's stories,fantasy/0573.jpg,fantasy
574,A Midnight Fantasy,Thomas Bailey Aldrich,Hamlet (Legendary character),fantasy/0574.jpg,fantasy
575,Tales of Fantasy and Fact,Brander Matthews,"Fantasy fiction, American",fantasy/0575.jpg,fantasy
576,Gideon the Ninth,Tamsyn Muir,Fiction,fantasy/0576.jpg,fantasy
577,Ganesha's Global Startup,Prachi Garg,Business & Economics,fantasy/0577.jpg,fantasy
578,An Historic Fantasy of Venice,Grace Llewellyn Jones,Venice (Italy),fantasy/0578.jpg,fantasy
579,Luwan of Brida,Sarang Mahajan,Indic fiction (English),fantasy/0579.jpg,fantasy
580,A Little Hatred,Joe Abercrombie,Fiction,fantasy/0580.jpg,fantasy
581,On Writing and Worldbuilding,Timothy Hickson,Fiction,fantasy/0581.jpg,fantasy
582,Manga Crash Course Fantasy,Mina Petrovic,Art,fantasy/0582.jpg,fantasy
583,Beginner's Guide to Fantasy Drawing,3dtotal Publishing,Drawing,fantasy/0583.jpg,fantasy
584,Peace and Turmoil,Elliot Brooks,Fiction,fantasy/0584.jpg,fantasy
585,Dawn,Yoshitaka Amano,Color drawing,fantasy/0585.jpg,fantasy
586,The Phantom Tollbooth,Norton Juster,Juvenile Fiction,fantasy/0586.jpg,fantasy
587,Fantasy Sports Unleashed,"Barrett Williams, ChatGPT",Sports & Recreation,fantasy/0587.jpg,fantasy
588,Piranesi,Susanna Clarke,Fiction,fantasy/0588.jpg,fantasy
589,Ursula K. Le Guin,"Ursula K. Le Guin, David Naimon",Literary Criticism,fantasy/0589.jpg,fantasy
590,Tinkle Magazine No: 615 (33RD ANNIVERSARY SPECIAL),Rajani Thindiath,,fantasy/0590.jpg,fantasy
591,Tantri The Mantri 6 : Wicked Wiles,Rajani Thindiath,Fiction,fantasy/0591.jpg,fantasy
592,The Dragon's Path,Daniel Abraham,Fiction,fantasy/0592.jpg,fantasy
593,Art of Fantasy,S. Elizabeth,Art,fantasy/0593.jpg,fantasy
594,The fantasy fiction formula,Deborah Chester,Language Arts & Disciplines,fantasy/0594.jpg,fantasy
595,Fantasy Comics Influence,"Logan Rodriguez, AI",Art,fantasy/0595.jpg,fantasy
596,Dune,Frank Herbert,Fiction,fantasy/0596.jpg,fantasy
597,Teaching Fantasy Novels,Phyllis J. Perry,Language Arts & Disciplines,fantasy/0597.jpg,fantasy
598,Assassins in Love,Kris DeLake,Fiction,fantasy/0598.jpg,fantasy
599,Fantasy Global Appeal,"Nakoa Rainfall, AI",History,fantasy/0599.jpg,fantasy
600,The Vault of Vishnu,Ashwin Sanghi,Indic fiction (English),fantasy/0600.jpg,fantasy
601,Red Rising,Pierce Brown,Fiction,fantasy/0601.jpg,fantasy
602,The Midnight Library: A GMA Book Club Pick,Matt Haig,Fiction,fantasy/0602.jpg,fantasy
603,The Mists of Avalon,Marion Zimmer Bradley,Fiction,fantasy/0603.jpg,fantasy
604,The Invisible Life of Addie LaRue,V. E. Schwab,Fiction,fantasy/0604.jpg,fantasy
605,The Shadow Rising,Robert Jordan,Fiction,fantasy/0605.jpg,fantasy
606,"A Fantasy of the Fuyck, and Other Conceits of the Colonial Low Dutch",Michael Monahan,Albany (N.Y.),fantasy/0606.jpg,fantasy
607,Fantasy Kit,Adam McOmber,,fantasy/0607.jpg,fantasy
608,The Works of Edgar Allan Poe: Tales-Fantasy and Extravaganza,Edgar Allan Poe,American prose literature,fantasy/0608.jpg,fantasy
609,Graceling,Kristin Cashore,Juvenile Fiction,fantasy/0609.jpg,fantasy
610,Manga Crash Course,Mina Petrovic,Art,fantasy/0610.jpg,fantasy
611,Oath of the Vayuputras,Amish Tripathi,Fiction,fantasy/0611.jpg,fantasy
612,The Book of Horror,Matt Glasby,Art,horror/0612.jpg,horror
613,Horror and the Horror Film,Bruce F. Kawin,Performing Arts,horror/0613.jpg,horror
614,The Hunchback of Notre Dame,Victor Hugo,Fiction,horror/0614.jpg,horror
615,The Dunwich Horror,H. P. Lovecraft,,horror/0615.jpg,horror
616,The Horror Film Killer,Michael J Bowler,Young Adult Fiction,horror/0616.jpg,horror
617,Household Horror,Marc Olivier,Literary Criticism,horror/0617.jpg,horror
618,The Horror Film,Peter Hutchings,Performing Arts,horror/0618.jpg,horror
619,The Horror Genre,Paul Wells,Literary Criticism,horror/0619.jpg,horror
620,Horror Fiction,Gina Wisker,Literary Criticism,horror/0620.jpg,horror
621,Unseaming,Mike Allen,Fiction,horror/0621.jpg,horror
622,Powers of Horror,Julia Kristeva,Psychology,horror/0622.jpg,horror
623,Folk Horror,"Dawn Keetley, Ruth Heholt",Fiction,horror/0623.jpg,horror
624,Horror Unmasked,Brad Weismann,Performing Arts,horror/0624.jpg,horror
625,New Israeli Horror,Olga Gershenson,Performing Arts,horror/0625.jpg,horror
626,Why Horror Seduces,Mathias Clasen,Performing Arts,horror/0626.jpg,horror
627,Body Horror,John Taylor,History,horror/0627.jpg,horror
628,State Violence and Moral Horror,Jeremy Arnold,Philosophy,horror/0628.jpg,horror
629,Joss Whedon vs. the Horror Tradition,"Kristopher Karl Woofter, Lorna Jowett",Performing Arts,horror/0629.jpg,horror
630,British Horror Cinema,"Steve Chibnall, Julian Petley",History,horror/0630.jpg,horror
631,Historical Dictionary of Horror Cinema,Peter Hutchings,Performing Arts,horror/0631.jpg,horror
632,The Palgrave Handbook to Horror Literature,"Kevin Corstorphine, Laura R. Kremmel",Literary Criticism,horror/0632.jpg,horror
633,"Horror, The Film Reader",Mark Jancovich,Performing Arts,horror/0633.jpg,horror
634,Transnational Horror Across Visual Media,"Dana Och, Kirsten Strayer",Performing Arts,horror/0634.jpg,horror
635,Reading Rocky Horror,Jeffrey Andrew Weinstock,Performing Arts,horror/0635.jpg,horror
636,The Philosophy of Horror,Thomas Richard Fahy,Business & Economics,horror/0636.jpg,horror
637,Broadening the Horror Genre,"Jamie L. McDaniel, Andrea Wood",Social Science,horror/0637.jpg,horror
638,The World of Horror,Pasquale De Marco,Literary Criticism,horror/0638.jpg,horror
639,Horror,Brigid Cherry,History,horror/0639.jpg,horror
640,Makers of the Macabre: Interviews with Horror Filmmakers of the Past,Pasquale De Marco,Art,horror/0640.jpg,horror
641,Game Design Deep Dive: Horror,Joshua Bycer,Computers,horror/0641.jpg,horror
642,Folkloric Horror in Medieval Literature,"Christopher M. Flavin, Caitlyn Harris",Literary Criticism,horror/0642.jpg,horror
643,Japanese Horror Culture,"Fernando Gabriel Pagnoni Berns, Subashish Bhattacharjee, Ananya Saha",Social Science,horror/0643.jpg,horror
644,Telling an American Horror Story,"Cameron Williams Crawford, Leverett Butts",Performing Arts,horror/0644.jpg,horror
645,Grief in Contemporary Horror Cinema,Erica Joan Dymond,Social Science,horror/0645.jpg,horror
646,Horror Literature from Gothic to Post-Modern,"Michele Brittany, Nicholas Diak",Literary Criticism,horror/0646.jpg,horror
647,"Technology, Monstrosity, and Reproduction in Twenty-first Century Horror",K. Jackson,Social Science,horror/0647.jpg,horror
648,The Aesthetics of Horror Films,Forrest Adam Sopuck,Philosophy,horror/0648.jpg,horror
649,The Best of the Best Horror of the Year,Ellen Datlow,Fiction,horror/0649.jpg,horror
650,No More Haunted Dolls: Horror Fiction that Transcends the Tropes,Cassandra O'Sullivan Sachar,Social Science,horror/0650.jpg,horror
651,Horror Noire,Robin R. Means Coleman,History,horror/0651.jpg,horror
652,The Complete Story of the Martinique Horror and Other Great Disasters,Marshall Everett,Disasters,horror/0652.jpg,horror
653,Transnational Horror Cinema,"Sophia Siddique, Raphael Raphael",Performing Arts,horror/0653.jpg,horror
654,Horror Film and Otherness,Adam Lowenstein,Horror films,horror/0654.jpg,horror
655,Women Make Horror,Alison Peirse,Performing Arts,horror/0655.jpg,horror
656,A History of Horror,Wheeler W. Dixon,Art,horror/0656.jpg,horror
657,Horror,Brigid Cherry,Performing Arts,horror/0657.jpg,horror
658,Paperbacks from Hell,Grady Hendrix,Humor,horror/0658.jpg,horror
659,The Book of Top Ten Horror Lists,Charles F. Rosenay,,horror/0659.jpg,horror
660,Horror Films of the 1980s,John Kenneth Muir,Performing Arts,horror/0660.jpg,horror
661,Behind the Horror,Lee Mellor,Performing Arts,horror/0661.jpg,horror
662,My Heart is a Chainsaw,Stephen Graham Jones,Fiction,horror/0662.jpg,horror
663,Global TV Horror,"Stacey Abbott, Lorna Jowett",Fiction,horror/0663.jpg,horror
664,The Beauty of Horror 5: Haunt of Fame Coloring Book,Alan Robert,Games & Activities,horror/0664.jpg,horror
665,Horror Film,Steffen Hantke,Performing Arts,horror/0665.jpg,horror
666,Untold Horror,"George. A Romero, John Landis, Dave Alexander, Joe Dante, Brian Yuzna",Performing Arts,horror/0666.jpg,horror
667,Korean Horror Cinema,Alison Peirse,Performing Arts,horror/0667.jpg,horror
668,Horror Film Aesthetics,Thomas M. Sipos,Performing Arts,horror/0668.jpg,horror
669,The Savior's Sister,Jenna Moreci,,horror/0669.jpg,horror
670,The Rocky Horror Show,Richard O'Brien,Drama,horror/0670.jpg,horror
671,CHECK-IN CHECKOUT ...and the Horrors Within,Keran Pantth Joshi,Fiction,horror/0671.jpg,horror
672,The Netherwell Horror,Lee Mountford,,horror/0672.jpg,horror
673,The Pulp Horror Book of Phobias,Mj Sydney,,horror/0673.jpg,horror
674,Japanese and American Horror,Katarzyna Marak,Social Science,horror/0674.jpg,horror
675,Subversive Horror Cinema,Jon Towlson,Performing Arts,horror/0675.jpg,horror
676,House of Leaves,Mark Z. Danielewski,Fiction,horror/0676.jpg,horror
677,Deleuze and Horror Film,Anna Powell,Performing Arts,horror/0677.jpg,horror
678,The Philosophy of Horror,Noel Carroll,Art,horror/0678.jpg,horror
679,Horror Cinema,"Jonathan Penner, Paul Duncan, Steven Jay Schneider",Performing Arts,horror/0679.jpg,horror
680,"Internet Horror, Science Fiction and Fantasy Television Series, 1998-2013",Vincent Terrace,Performing Arts,horror/0680.jpg,horror
681,Horror Movie a Day,Brian Collins,,horror/0681.jpg,horror
682,The Beauty of Horror 1: A GOREgeous Coloring Book,Alan Robert,Games & Activities,horror/0682.jpg,horror
683,Jordan Peele's Get Out,Dawn Keetley,Literary Criticism,horror/0683.jpg,horror
684,A Book of Horrors,Stephen Jones,Fiction,horror/0684.jpg,horror
685,The House With a Clock In Its Walls,John Bellairs,Juvenile Fiction,horror/0685.jpg,horror
686,Clown in a Cornfield,Adam Cesare,Young Adult Fiction,horror/0686.jpg,horror
687,The House of Strange Stories - 3rd,Ruskin Bond,Fiction,horror/0687.jpg,horror
688,The Beauty of Horror 2: Ghouliana's Creepatorium Coloring Book,Alan Robert,Games & Activities,horror/0688.jpg,horror
689,The Merciless,Danielle Vega,Young Adult Fiction,horror/0689.jpg,horror
690,Travel by Design,Peter Sallick,Travel,travel/0690.jpg,travel
691,Lonely Planet's Best in Travel 2020,Lonely Planet,Travel,travel/0691.jpg,travel
692,A Walk in the Woods,Bill Bryson,Travel,travel/0692.jpg,travel
693,The Braided River,Samrat Choudhury,Travel,travel/0693.jpg,travel
694,How to Travel without Seeing: Dispatches from the New Latin America,Andrés Neuman,Travel,travel/0694.jpg,travel
695,The Shooting Star,Shivya Nath,Literary Collections,travel/0695.jpg,travel
696,The Flag Book,Lonely Planet Kids,Juvenile Nonfiction,travel/0696.jpg,travel
697,Two Arabic Travel Books,"Tim Mackintosh-Smith, James E. Montgomery",History,travel/0697.jpg,travel
698,How to Travel Light,Shreevatsa Nevatia,Literary Collections,travel/0698.jpg,travel
699,Why Travel?,"Beuret, Kris, Niblett, Matthew",Political Science,travel/0699.jpg,travel
700,The Travel Book,"Carolyn Bain, Lonely Planet Publications Staff, Joe Bindloss, Celeste Brash, Paul Clammer, Mary Fitzpatrick, Will Gourlay, Anthony Ham, Bradley Mayhew, Carolyn McCarthy, Matt Phillips, Robert Reid, Regis St. Louis, Ryan Ver Berkmoes, Nicola Williams",Cities and towns,travel/0700.jpg,travel
701,The Art of Travel,Alain de Botton,Philosophy,travel/0701.jpg,travel
702,The Cambridge Companion to Travel Writing,"Peter Hulme, Tim Youngs",History,travel/0702.jpg,travel
703,The Cities Book,Lonely Planet,Travel,travel/0703.jpg,travel
704,Lonely Planet Thailand,"Lonely Planet, Anita Isalska, Tim Bewer, Celeste Brash, Austin Bush, David Eimer, Damian Harper, Andy Symington",Travel,travel/0704.jpg,travel
705,The Legacy of Mahatma Gandhi,Sagar Simlandy and Sharmila Dutta Banik,Art,travel/0705.jpg,travel
706,Lonely Planet Mexico,"Lonely Planet, Brendan Sainsbury, Kate Armstrong, Ray Bartlett, Celeste Brash, Stuart Butler, Steve Fallon, John Hecht, Anna Kaminski, Tom Masters, Phillip Tang, Liza Prado",Travel,travel/0706.jpg,travel
707,The Travel Book,Lonely Planet Publications Staff,,travel/0707.jpg,travel
708,Travels,Michael Crichton,Biography & Autobiography,travel/0708.jpg,travel
709,Bruised Passports,"SAVI. TANEJA MUNJAL (VIDIT.), Vidit Taneja",,travel/0709.jpg,travel
710,Day of the Vikings,J F Penn,,travel/0710.jpg,travel
711,Words at Work,"David Horner, Peter Strutt",Business & Economics,travel/0711.jpg,travel
712,China,Damian Harper,Travel,travel/0712.jpg,travel
713,"Travel, Entertainment, and Gift Expenses",,Expense accounts and taxation,travel/0713.jpg,travel
714,Travel the World on Your Own,"Manju Bali, Sushil Bali",,travel/0714.jpg,travel
715,The New Granta Book of Travel,"Liz Jobey, Jonathan Raban",Travel,travel/0715.jpg,travel
716,Destinations of a Lifetime,National Geographic,Travel,travel/0716.jpg,travel
717,"Trends in Outdoor Recreation, Leisure, and Tourism","William C. Gartner, David W. Lime",Travel,travel/0717.jpg,travel
718,Statewide Travel Forecasting Models,"Alan J. Horowitz, National Cooperative Highway Research Program",Mathematics,travel/0718.jpg,travel
719,The SAGE International Encyclopedia of Travel and Tourism,Linda L. Lowry,Business & Economics,travel/0719.jpg,travel
720,Lonely Planet''s Ultimate Travel,Lonely Planet,Travel,travel/0720.jpg,travel
721,Managing Tourism and Hospitality Services,"B. Prideaux, Gianna Moscardo, Eric Laws",Hospitality industry,travel/0721.jpg,travel
722,"Outing; Sport, Adventure, Travel, Fiction",,Sports,travel/0722.jpg,travel
723,How to Document Your Travels for Profit,Ahmed Musa,Travel,travel/0723.jpg,travel
724,Travels in Paradox,"Claudio Minca, Tim Oakes",Social Science,travel/0724.jpg,travel
725,Traveling Black,Mia Bay,History,travel/0725.jpg,travel
726,"Indo-Persian Travels in the Age of Discoveries, 1400-1800","Muzaffar Alam, Sanjay Subrahmanyam",History,travel/0726.jpg,travel
727,Tourism,"John R. Walker, Josielyn T. Walker",,travel/0727.jpg,travel
728,Statement of Disbursements of the House,United States. Congress. House,,travel/0728.jpg,travel
729,Love Factually,Laura Mucha,Psychology,travel/0729.jpg,travel
730,Managing Tourism and Hospitality Services,"B. Prideaux, Gianna Moscardo, Eric Laws",Hospitality industry,travel/0730.jpg,travel
731,"Outing; Sport, Adventure, Travel, Fiction",,Sports,travel/0731.jpg,travel
732,How to Document Your Travels for Profit,Ahmed Musa,Travel,travel/0732.jpg,travel
733,The Hotel Book,Shelley-Maree Cassidy,Travel,travel/0733.jpg,travel
734,Travels in Paradox,"Claudio Minca, Tim Oakes",Social Science,travel/0734.jpg,travel
735,The Beaten Track,James Buzard,Language Arts & Disciplines,travel/0735.jpg,travel
736,Traveling Black,Mia Bay,History,travel/0736.jpg,travel
737,"Indo-Persian Travels in the Age of Discoveries, 1400-1800","Muzaffar Alam, Sanjay Subrahmanyam",History,travel/0737.jpg,travel
738,Tourism,"John R. Walker, Josielyn T. Walker",,travel/0738.jpg,travel
739,Lost in the Valley of Death,Harley Rustad,True Crime,travel/0739.jpg,travel
740,Statement of Disbursements of the House,United States. Congress. House,,travel/0740.jpg,travel
741,Business America,,Business,travel/0741.jpg,travel
742,"POP-UP HOTEL REVOLUTION, the architectural innovation about to come in the hotel industry","Joseph Di Pasquale, Chiara Butta, Paola Zatti",Architecture,travel/0742.jpg,travel
743,Department of Transportation and related agencies appropriations for 1982,United States. Congress. House. Committee on Appropriations. Subcommittee on Department of Transportation and Related Agencies Appropriations,United States,travel/0743.jpg,travel
744,Index Digest of the Published Decisions of the Comptroller General of the United States,United States. General Accounting Office,"Finance, Public",travel/0744.jpg,travel
745,Survey of Current Business,,Commercial statistics,travel/0745.jpg,travel
746,English for Tourism,Hoa Quyen,,travel/0746.jpg,travel
747,Drafting Technology Patent License Agreements,Michael J. Lennon,Law,travel/0747.jpg,travel
748,Federal Assistance Handbook,United States. Defense Civil Preparedness Agency,Civil defense,travel/0748.jpg,travel
749,Library of Congress Subject Headings,Library of Congress,"Subject headings, Library of Congress",travel/0749.jpg,travel
750,Report of the Clerk of the House from ...,United States. Congress. House. Office of the Clerk,,travel/0750.jpg,travel
751,The South Australian Government Gazette,South Australia,Gazettes,travel/0751.jpg,travel
752,GAO Documents,United States. General Accounting Office,,travel/0752.jpg,travel
753,Survey of Land-grant Colleges and Universities,United States. Office of Education,Agricultural colleges,travel/0753.jpg,travel
754,Inclusive Leisure,"Mary Ann Devine, Lynn Anderson",Reference,travel/0754.jpg,travel
755,Recreation and Tourist Industry,United States. Foreign and Domestic Commerce Bureau,,travel/0755.jpg,travel
756,Foreign Commerce Weekly,United States. Department of Commerce,Consular reports,travel/0756.jpg,travel
757,The Six Mountain-travel Books,Eric Shipton,Sports & Recreation,travel/0757.jpg,travel
758,The Definitive Guide to Entertainment Marketing,"Al Lieberman, Pat Esgate",Business & Economics,travel/0758.jpg,travel
759,Department of State News Letter,United States. Department of State,"Diplomatic and consular service, American",travel/0759.jpg,travel
760,Taxpayer Information Publications,,Income tax,travel/0760.jpg,travel
761,Grants and Awards for the Fiscal Year Ended ...,National Science Foundation (U.S.),Federal aid to research,travel/0761.jpg,travel
762,Destination USA,United States. National Tourism Resources Review Commission,Tourism,travel/0762.jpg,travel
763,President Clinton's Proposals for Public Investment and Deficit Reduction,United States. Congress. House. Committee on Ways and Means,Deficit financing,travel/0763.jpg,travel
764,Report of the Adjutant-General of the State of California...,California. Adjutant General's Office,California,travel/0764.jpg,travel
765,Technology Integration and Foundations for Effective Leadership,"Wang, Shuyan, Hartsell, Taralynn",Technology & Engineering,travel/0765.jpg,travel
766,Emerging Infectious Diseases,,Communicable diseases,travel/0766.jpg,travel
767,Weight-handling Equipment,,Materials handling,travel/0767.jpg,travel
768,Federal Register,,Delegated legislation,travel/0768.jpg,travel
